disease,is_positive
Chlamydia,0.06700135161228037
Gonorrhea,0.035836828059473885
COVID-19,0.024344569288389514
Norovirus,0.022376543209876542
Influenza,0.02068173113749521
