age_group,Staff,Student
18-20,0.0,0.03799679720483331
21-25,0.0,0.03499372122226873
26-35,0.030499675535366644,0.0
36-50,0.027385892116182572,0.0
51-65,0.030367835757057315,0.0
